{"cameraMode":{"drawMode":0,"name":"Shaded","section":"Shading Mode"},"sceneLighting":true,"audioPlay":false,"sceneViewState":{"m_AlwaysRefresh":false,"showFog":true,"showSkybox":true,"showFlares":true,"showImageEffects":true,"showParticleSystems":true,"showVisualEffectGraphs":true,"m_FxEnabled":true},"in2DMode":false,"pivot":{"x":-43.43333053588867,"y":-15.830204010009766,"z":20.392955780029298},"rotation":{"x":0.14681406319141389,"y":-0.25159260630607607,"z":0.038642436265945438,"w":0.9558736681938171},"size":41.461238861083987,"orthographic":false}