{"cameraMode":{"drawMode":0,"name":"Shaded","section":"Shading Mode"},"sceneLighting":false,"audioPlay":false,"sceneViewState":{"m_AlwaysRefresh":false,"showFog":true,"showSkybox":false,"showFlares":true,"showImageEffects":true,"showParticleSystems":true,"showVisualEffectGraphs":true,"m_FxEnabled":true},"in2DMode":false,"pivot":{"x":-9.484895706176758,"y":2.6094460487365724,"z":-26.367164611816408},"rotation":{"x":0.01704549230635166,"y":-0.08090823143720627,"z":-0.0013874905416741968,"w":-0.9965867400169373},"size":0.1635330617427826,"orthographic":false}