{"cameraMode":{"drawMode":0,"name":"Shaded","section":"Shading Mode"},"sceneLighting":false,"audioPlay":false,"sceneViewState":{"m_AlwaysRefresh":false,"showFog":true,"showSkybox":false,"showFlares":true,"showImageEffects":true,"showParticleSystems":true,"showVisualEffectGraphs":true,"m_FxEnabled":true},"in2DMode":false,"pivot":{"x":-7.234384536743164,"y":3.54191517829895,"z":-25.237985610961915},"rotation":{"x":0.010497170500457287,"y":-0.018331918865442277,"z":-0.00018502722377888858,"w":-0.9997903108596802},"size":2.1268961429595949,"orthographic":false}