{"cameraMode":{"drawMode":0,"name":"Shaded","section":"Shading Mode"},"sceneLighting":false,"audioPlay":false,"sceneViewState":{"m_AlwaysRefresh":false,"showFog":true,"showSkybox":false,"showFlares":true,"showImageEffects":true,"showParticleSystems":true,"showVisualEffectGraphs":true,"m_FxEnabled":true},"in2DMode":false,"pivot":{"x":13.135616302490235,"y":1.172121524810791,"z":-23.789718627929689},"rotation":{"x":-0.013451994396746159,"y":-0.9368990659713745,"z":0.03627460077404976,"w":-0.3475152850151062},"size":1.9912604093551636,"orthographic":false}