{"cameraMode":{"drawMode":0,"name":"Shaded","section":"Shading Mode"},"sceneLighting":false,"audioPlay":false,"sceneViewState":{"m_AlwaysRefresh":false,"showFog":true,"showSkybox":false,"showFlares":true,"showImageEffects":true,"showParticleSystems":true,"showVisualEffectGraphs":true,"m_FxEnabled":true},"in2DMode":false,"pivot":{"x":148.53358459472657,"y":-0.10042041540145874,"z":-30.5758056640625},"rotation":{"x":0.052675824612379077,"y":0.4131181240081787,"z":-0.023959603160619737,"w":0.9088524580001831},"size":3.832489490509033,"orthographic":false}