{"cameraMode":{"drawMode":0,"name":"Shaded","section":"Shading Mode"},"sceneLighting":false,"audioPlay":false,"sceneViewState":{"m_AlwaysRefresh":false,"showFog":true,"showSkybox":false,"showFlares":true,"showImageEffects":true,"showParticleSystems":true,"showVisualEffectGraphs":true,"m_FxEnabled":true},"in2DMode":false,"pivot":{"x":31.115896224975587,"y":-33.20832824707031,"z":31.446989059448243},"rotation":{"x":0.24499164521694184,"y":0.26272183656692507,"z":-0.06917674094438553,"w":0.9306969046592712},"size":42.96417236328125,"orthographic":false}